Workbook

Sheet VENDAS
A1: Valor do Prêmio | B1: 50000 | C1: Meta: | D1: 130000
A2: VENDEDOR | B2: DEPARTAMENTO | C2: VALOR DA VENDA (R$) | D2: COLOCAÇÃO | E2: VALOR DO PRÊMIO | F2: CONCEITO | G2: PRÊMIO EXTRA
A3: Máximo Queiroz | B3: USADOS | C3: 100000 | D3: =_xlfn.RANK.EQ(C3,C$3:C$22) -> 12 | E3: =IF(D3=1,B$1/RELATÓRIO!B$10,0) -> 0 | F3: =IF(D3=1,"EXCELENTE",IF(C3>D$1,"ÓTIMO",IF(C3=D1,"BOM","PODE MELHORAR"))) -> PODE MELHORAR | G3: =IF(F3="ÓTIMO","Viagem para Natal",IF(AND(C3<=D$1,C3>=100000),"Computador","")) -> Computador
A4: Maria Amélia Gouveia | B4: ZERO KM | C4: 134600 | D4: =_xlfn.RANK.EQ(C4,C$3:C$22) -> 6 | E4: =IF(D4=1,B$1/RELATÓRIO!B$10,0) -> 0 | F4: =IF(D4=1,"EXCELENTE",IF(C4>D$1,"ÓTIMO",IF(C4=D2,"BOM","PODE MELHORAR"))) -> ÓTIMO | G4: =IF(F4="ÓTIMO","Viagem para Natal",IF(AND(C4<=D$1,C4>=100000),"Computador","")) -> Viagem para Natal
A5: Fernando Augusto Martinez | B5: ISENÇÕES | C5: 50000 | D5: =_xlfn.RANK.EQ(C5,C$3:C$22) -> 17 | E5: =IF(D5=1,B$1/RELATÓRIO!B$10,0) -> 0 | F5: =IF(D5=1,"EXCELENTE",IF(C5>D$1,"ÓTIMO",IF(C5=D3,"BOM","PODE MELHORAR"))) -> PODE MELHORAR | G5: =IF(F5="ÓTIMO","Viagem para Natal",IF(AND(C5<=D$1,C5>=100000),"Computador",""))
A6: Solange Farias | B6: ZERO KM | C6: 130000 | D6: =_xlfn.RANK.EQ(C6,C$3:C$22) -> 8 | E6: =IF(D6=1,B$1/RELATÓRIO!B$10,0) -> 0 | F6: =IF(D6=1,"EXCELENTE",IF(C6>D$1,"ÓTIMO",IF(C6=D4,"BOM","PODE MELHORAR"))) -> PODE MELHORAR | G6: =IF(F6="ÓTIMO","Viagem para Natal",IF(AND(C6<=D$1,C6>=100000),"Computador","")) -> Computador
A7: Luciana Meirelles | B7: ZERO KM | C7: 90870 | D7: =_xlfn.RANK.EQ(C7,C$3:C$22) -> 13 | E7: =IF(D7=1,B$1/RELATÓRIO!B$10,0) -> 0 | F7: =IF(D7=1,"EXCELENTE",IF(C7>D$1,"ÓTIMO",IF(C7=D5,"BOM","PODE MELHORAR"))) -> PODE MELHORAR | G7: =IF(F7="ÓTIMO","Viagem para Natal",IF(AND(C7<=D$1,C7>=100000),"Computador",""))
A8: Geraldo Maximiliano | B8: USADOS | C8: 67800 | D8: =_xlfn.RANK.EQ(C8,C$3:C$22) -> 16 | E8: =IF(D8=1,B$1/RELATÓRIO!B$10,0) -> 0 | F8: =IF(D8=1,"EXCELENTE",IF(C8>D$1,"ÓTIMO",IF(C8=D6,"BOM","PODE MELHORAR"))) -> PODE MELHORAR | G8: =IF(F8="ÓTIMO","Viagem para Natal",IF(AND(C8<=D$1,C8>=100000),"Computador",""))
A9: Stella Cruz e Souza | B9: USADOS | C9: 45000 | D9: =_xlfn.RANK.EQ(C9,C$3:C$22) -> 18 | E9: =IF(D9=1,B$1/RELATÓRIO!B$10,0) -> 0 | F9: =IF(D9=1,"EXCELENTE",IF(C9>D$1,"ÓTIMO",IF(C9=D7,"BOM","PODE MELHORAR"))) -> PODE MELHORAR | G9: =IF(F9="ÓTIMO","Viagem para Natal",IF(AND(C9<=D$1,C9>=100000),"Computador",""))
A10: Marineide Novais | B10: USADOS | C10: 137000 | D10: =_xlfn.RANK.EQ(C10,C$3:C$22) -> 5 | E10: =IF(D10=1,B$1/RELATÓRIO!B$10,0) -> 0 | F10: =IF(D10=1,"EXCELENTE",IF(C10>D$1,"ÓTIMO",IF(C10=D8,"BOM","PODE MELHORAR"))) -> ÓTIMO | G10: =IF(F10="ÓTIMO","Viagem para Natal",IF(AND(C10<=D$1,C10>=100000),"Computador","")) -> Viagem para Natal
A11: Gilda Soares | B11: ISENÇÕES | C11: 23000 | D11: =_xlfn.RANK.EQ(C11,C$3:C$22) -> 19 | E11: =IF(D11=1,B$1/RELATÓRIO!B$10,0) -> 0 | F11: =IF(D11=1,"EXCELENTE",IF(C11>D$1,"ÓTIMO",IF(C11=D9,"BOM","PODE MELHORAR"))) -> PODE MELHORAR | G11: =IF(F11="ÓTIMO","Viagem para Natal",IF(AND(C11<=D$1,C11>=100000),"Computador",""))
A12: Hector Mangiolii | B12: ZERO KM | C12: 149000 | D12: =_xlfn.RANK.EQ(C12,C$3:C$22) -> 3 | E12: =IF(D12=1,B$1/RELATÓRIO!B$10,0) -> 0 | F12: =IF(D12=1,"EXCELENTE",IF(C12>D$1,"ÓTIMO",IF(C12=D10,"BOM","PODE MELHORAR"))) -> ÓTIMO | G12: =IF(F12="ÓTIMO","Viagem para Natal",IF(AND(C12<=D$1,C12>=100000),"Computador","")) -> Viagem para Natal
A13: Marli Vieira | B13: ISENÇÕES | C13: 134000 | D13: =_xlfn.RANK.EQ(C13,C$3:C$22) -> 7 | E13: =IF(D13=1,B$1/RELATÓRIO!B$10,0) -> 0 | F13: =IF(D13=1,"EXCELENTE",IF(C13>D$1,"ÓTIMO",IF(C13=D11,"BOM","PODE MELHORAR"))) -> ÓTIMO | G13: =IF(F13="ÓTIMO","Viagem para Natal",IF(AND(C13<=D$1,C13>=100000),"Computador","")) -> Viagem para Natal
A14: Homero Gamberin | B14: USADOS | C14: 123000 | D14: =_xlfn.RANK.EQ(C14,C$3:C$22) -> 9 | E14: =IF(D14=1,B$1/RELATÓRIO!B$10,0) -> 0 | F14: =IF(D14=1,"EXCELENTE",IF(C14>D$1,"ÓTIMO",IF(C14=D12,"BOM","PODE MELHORAR"))) -> PODE MELHORAR | G14: =IF(F14="ÓTIMO","Viagem para Natal",IF(AND(C14<=D$1,C14>=100000),"Computador","")) -> Computador
... A16: Luci Pereira | B16: ISENÇÕES | C16: 150000 | D16: =_xlfn.RANK.EQ(C16,C$3:C$22) -> 1 | E16: =IF(D16=1,B$1/RELATÓRIO!B$10,0) -> 25000 | F16: =IF(D16=1,"EXCELENTE",IF(C16>D$1,"ÓTIMO",IF(C16=D14,"BOM","PODE MELHORAR"))) -> EXCELENTE | G16: =IF(F16="ÓTIMO","Viagem para Natal",IF(AND(C16<=D$1,C16>=100000),"Computador",""))
A17: Marcela Gianotti | B17: ISENÇÕES | D17: =IFERROR(_xlfn.RANK.EQ(C17,C$3:C$22),"") | E17: =IF(D17=1,B$1/RELATÓRIO!B$10,0) -> 0 | F17: =IF(D17=1,"EXCELENTE",IF(C17>D$1,"ÓTIMO",IF(C17=D15,"BOM","PODE MELHORAR"))) -> PODE MELHORAR | G17: =IF(F17="ÓTIMO","Viagem para Natal",IF(AND(C17<=D$1,C17>=100000),"Computador",""))
A18: Arlete Farias | B18: USADOS | C18: 120000 | D18: =_xlfn.RANK.EQ(C18,C$3:C$22) -> 11 | E18: =IF(D18=1,B$1/RELATÓRIO!B$10,0) -> 0 | F18: =IF(D18=1,"EXCELENTE",IF(C18>D$1,"ÓTIMO",IF(C18=D16,"BOM","PODE MELHORAR"))) -> PODE MELHORAR | G18: =IF(F18="ÓTIMO","Viagem para Natal",IF(AND(C18<=D$1,C18>=100000),"Computador","")) -> Computador
A19: Beatriz Domingues | B19: ZERO KM | C19: 87900 | D19: =_xlfn.RANK.EQ(C19,C$3:C$22) -> 14 | E19: =IF(D19=1,B$1/RELATÓRIO!B$10,0) -> 0 | F19: =IF(D19=1,"EXCELENTE",IF(C19>D$1,"ÓTIMO",IF(C19=D17,"BOM","PODE MELHORAR"))) -> PODE MELHORAR | G19: =IF(F19="ÓTIMO","Viagem para Natal",IF(AND(C19<=D$1,C19>=100000),"Computador",""))
A20: Camila Gonçalves | B20: ZERO KM | C20: 123000 | D20: =_xlfn.RANK.EQ(C20,C$3:C$22) -> 9 | E20: =IF(D20=1,B$1/RELATÓRIO!B$10,0) -> 0 | F20: =IF(D20=1,"EXCELENTE",IF(C20>D$1,"ÓTIMO",IF(C20=D18,"BOM","PODE MELHORAR"))) -> PODE MELHORAR | G20: =IF(F20="ÓTIMO","Viagem para Natal",IF(AND(C20<=D$1,C20>=100000),"Computador","")) -> Computador
A21: Rogério Hanibal Junior | B21: USADOS | C21: 76900 | D21: =_xlfn.RANK.EQ(C21,C$3:C$22) -> 15 | E21: =IF(D21=1,B$1/RELATÓRIO!B$10,0) -> 0 | F21: =IF(D21=1,"EXCELENTE",IF(C21>D$1,"ÓTIMO",IF(C21=D19,"BOM","PODE MELHORAR"))) -> PODE MELHORAR | G21: =IF(F21="ÓTIMO","Viagem para Natal",IF(AND(C21<=D$1,C21>=100000),"Computador",""))
A22: Katia Domenica Lira | B22: USADOS | C22: 143000 | D22: =_xlfn.RANK.EQ(C22,C$3:C$22) -> 4 | E22: =IF(D22=1,B$1/RELATÓRIO!B$10,0) -> 0 | F22: =IF(D22=1,"EXCELENTE",IF(C22>D$1,"ÓTIMO",IF(C22=D20,"BOM","PODE MELHORAR"))) -> ÓTIMO | G22: =IF(F22="ÓTIMO","Viagem para Natal",IF(AND(C22<=D$1,C22>=100000),"Computador","")) -> Viagem para Natal

Sheet RELATÓRIO
A1: VENDAS | D1: USADOS
A2: Maior | B2: =MAX(VENDAS!C3:C22) -> 150000 | D2: Total Vendedores | E2: =COUNTIF(VENDAS!B$3:B$22,D1) -> 8
A3: Menor | B3: =MIN(VENDAS!C3:C22) -> 23000 | D3: Ganhadores | E3: =COUNTIFS(VENDAS!B$3:B$22,"USADOS",VENDAS!D$3:D$22,"1") -> 0
A4: Média | B4: =AVERAGE(VENDAS!C3:C22) -> 107108.95 | D4: Média de Vendas Total | E4: =AVERAGEIF(VENDAS!B$3:B$22,"USADOS",VENDAS!C$3:C$22) -> 101587.5
D5: Média de Vendas dos Não Ganhadores | E5: =AVERAGEIFS(VENDAS!C$3:C$22,VENDAS!B$3:B$22,RELATÓRIO!D1,VENDAS!D$3:D$22,"<>1") -> 101587.5
A6: NÚMERO DE VENDEDORES
A7: Total | B7: =COUNTA(VENDAS!A3:A22) -> 20 | D7: ZERO KM
A8: Não efetuaram vendas | B8: =COUNTBLANK(VENDAS!C3:C22) -> 1 | D8: Total Vendedores | E8: =COUNTIF(VENDAS!B$3:B$22,D7) -> 7
A9: Efetuaram vendas | B9: =COUNT(VENDAS!C3:C22) -> 19 | D9: Ganhadores | E9: =COUNTIFS(VENDAS!B$3:B$22,"ZERO KM",VENDAS!D$3:D$22,"1") -> 1
A10: Ganhadores do prêmio | B10: =COUNTIFS(VENDAS!D3:D22,"1") -> 2 | D10: Média de Vendas Total | E10: =AVERAGEIF(VENDAS!B$3:B$22,"ZERO KM",VENDAS!C$3:C$22) -> 123624.29
D11: Média de Vendas dos Não Ganhadores | E11: =AVERAGEIFS(VENDAS!C$3:C$22,VENDAS!B$3:B$22,RELATÓRIO!D7,VENDAS!D$3:D$22,"<>1") -> 119228.33
D13: ISENÇÕES
D14: Total Vendedores | E14: =COUNTIF(VENDAS!B$3:B$22,D13) -> 5
D15: Ganhadores | E15: =COUNTIFS(VENDAS!B$3:B$22,D13,VENDAS!D$3:D$22,"1") -> 1
D16: Média de Vendas Total | E16: =AVERAGEIF(VENDAS!B$3:B$22,D13,VENDAS!C$3:C$22) -> 89250
D17: Média de Vendas dos Não Ganhadores | E17: =AVERAGEIFS(VENDAS!C$3:C$22,VENDAS!B$3:B$22,RELATÓRIO!D13,VENDAS!D$3:D$22,"<>1") -> 69000

Sheet MÁXIMO e MÍNIMO

Sheet MÉDIA E ORDEM.EQ

Sheet CONT.VALORES E CONTAR VAZIO

Sheet CONT.NÚM E CONT.SES

Sheet MÉDIASE

Sheet SE

Sheet OU

Sheet SEERRO
